,airport-id,latitude,longitude,City,State,AirportName
3,AAF,29.7275,-85.0274,Apalachicola, FL, Apalachicola Regional Cleve Randolph Field
17,ABE,40.6521,-75.4408,Allentown/Bethlehem/Easton, PA, Lehigh Valley International
19,ABI,32.4113,-99.6819,Abilene, TX, Abilene Regional
22,ABL,67.1063,-157.8575,Ambler, AK, Ambler River
24,ABQ,35.0402,-106.6092,Albuquerque, NM, Albuquerque International Sunport
25,ABR,45.449,-98.4218,Aberdeen, SD, Aberdeen Regional
31,ABY,31.5369,-84.1945,Albany, GA, Southwest Georgia Regional
38,ACK,41.2531,-70.0602,Nantucket, MA, Nantucket Memorial
41,ACT,31.6113,-97.2305,Waco, TX, Waco Regional
43,ACV,40.9781,-124.1086,Arcata/Eureka, CA, Arcata
45,ACY,39.4576,-74.5772,Atlantic City, NJ, Atlantic City International
54,ADK,51.878,-176.646,Adak Island, AK, Adak
57,ADQ,57.75,-152.4939,Kodiak, AK, Kodiak Airport
58,ADS,32.9697,-96.8386,Dallas, TX, Addison
60,ADW,38.8108,-76.867,Camp Springs, MD, Joint Base Andrews
70,AET,66.5518,-152.6222,Allakaket, AK, Allakaket Airport
72,AEX,31.3274,-92.5486,Alexandria, LA, Alexandria International
79,AFW,32.9876,-97.3188,Dallas/Fort Worth, TX, Fort Worth Alliance
84,AGC,40.3544,-79.9302,Pittsburgh, PA, Allegheny County
89,AGN,57.5036,-134.5851,Angoon, AK, Angoon Seaplane Base
93,AGS,33.3367,-81.9645,Augusta, GA, Augusta Regional at Bush Field
102,AHN,33.9486,-83.3263,Athens, GA, Athens/Ben Epps
106,AIA,42.0532,-102.8037,Alliance, NE, Alliance Municipal
108,AID,40.1087,-85.613,Anderson, IN, Anderson Municipal-Darlington Field
111,AIN,70.638,-159.9948,Wainwright, AK, Wainwright Airport
125,AKB,52.2203,-174.2063,Atka, AK, Atka Airport
126,AKC,41.0375,-81.4669,Akron, OH, Akron Fulton International
130,AKI,60.9029,-161.2306,Akiak, AK, Akiak Airport
132,AKK,56.9387,-154.1826,Akhiok, AK, Akhiok Airport
134,AKN,58.6768,-156.6492,King Salmon, AK, King Salmon Airport
135,AKP,68.1336,-151.7433,Anaktuvuk Pass, AK, Anaktuvuk Pass Airport
144,ALB,42.7483,-73.8017,Albany, NY, Albany International
149,ALI,27.7417,-98.0267,Alice, TX, Alice International
152,ALM,32.8399,-105.9906,Alamogordo, NM, Alamogordo White Sands Regional
153,ALN,38.89,-90.0467,Alton, IL, St. Louis Regional
154,ALO,42.5572,-92.4033,Waterloo, IA, Waterloo Regional
157,ALS,37.4349,-105.8666,Alamosa, CO, San Luis Valley Regional/Bergman Field
158,ALW,46.0946,-118.2879,Walla Walla, WA, Walla Walla Regional
160,ALZ,56.8958,-154.2458,Lazy Bay, AK, Alitak Seaplane Base
161,AMA,35.2194,-101.7059,Amarillo, TX, Rick Husband Amarillo International
172,ANB,33.5881,-85.8581,Anniston, AL, Anniston Regional
173,ANC,61.1744,-149.9964,Anchorage, AK, Ted Stevens Anchorage International
174,AND,34.495,-82.7097,Anderson, SC, Anderson Regional
178,ANI,61.5816,-159.543,Aniak, AK, Aniak Airport
182,ANN,55.0425,-131.5722,Annette, AK, Annette Island
187,ANV,62.6467,-160.1907,Anvik, AK, Anvik Airport
197,AOO,40.2964,-78.32,Altoona, PA, Altoona-Blair County
200,AOS,57.4667,-153.8333,Amook Bay, AK, Amook Bay Airport
204,APA,39.5701,-104.8493,Denver, CO, Centennial
205,APC,38.2131,-122.2806,Napa, CA, Napa County
206,APF,26.1526,-81.7753,Naples, FL, Naples Municipal
207,APG,39.4662,-76.1688,Aberdeen, MD, Phillips AAF
211,APN,45.0781,-83.5603,Alpena, MI, Alpena County Regional
215,APV,34.5753,-117.1862,Apple Valley, CA, Apple Valley Airport
223,ARA,30.0378,-91.8839,New Iberia, LA, Acadiana Regional
224,ARC,68.1147,-145.5794,Arctic Village, AK, Arctic Village Airport
232,ART,43.9919,-76.0217,Watertown, NY, Watertown International
234,ARV,45.9279,-89.7309,Minocqua/Woodruff, WI, Lakeland/Noble F. Lee Memorial Field
240,ASE,39.2232,-106.8688,Aspen, CO, Aspen Pitkin County Sardy Field
250,AST,44.8373,-117.8075,Astoria/Seaside, OR, Astoria Regional
260,ATK,70.4673,-157.4357,Atqasuk, AK, Atqasuk Edward Burnell Sr. Memorial
261,ATL,33.6367,-84.4281,Atlanta, GA, Hartsfield-Jackson Atlanta International
266,ATT,60.8667,-162.2731,Atmautluak, AK, Atmautluak Airport
267,ATW,44.2581,-88.5191,Appleton, WI, Appleton International
268,ATY,44.914,-97.1547,Watertown, SD, Watertown Regional
273,AUG,44.32,-69.7967,Augusta/Waterville, ME, Augusta State
275,AUK,62.68,-164.6599,Alakanuk, AK, Alakanuk Airport
279,AUS,30.195,-97.67,Austin, TX, Austin - Bergstrom International
281,AUW,44.9285,-89.6266,Wausau, WI, Wausau Downtown
287,AVL,35.4367,-82.5417,Asheville, NC, Asheville Regional
289,AVP,41.3384,-75.7234,Scranton/Wilkes-Barre, PA, Wilkes Barre Scranton International
296,AWK,19.2819,166.6386,Wake Island, TT, Wake Island Airfield
304,AXN,45.8663,-95.3947,Alexandria, MN, Chandler Field
313,AYS,31.2491,-82.3955,Waycross, GA, Waycross-Ware County
315,AZA,33.3078,-111.6555,Phoenix, AZ, Phoenix - Mesa Gateway
319,AZO,42.2349,-85.5521,Kalamazoo, MI, Kalamazoo/Battle Creek International
322,BAB,39.1362,-121.4365,Marysville, CA, Beale AFB
323,BAD,32.5018,-93.6627,Shreveport, LA, Barksdale AFB
324,BAF,42.1575,-72.7158,Westfield, MA, Westfield Barnes Regional
328,BAM,40.599,-116.8743,Battle Mountain, NV, Battle Mountain Airport
330,BAR,19.0826,110.2732,Baker Island, AK, Baker AAF
351,BBW,41.4367,-99.6417,Broken Bow, NE, Broken Bow Municipal Keith Glaze Field
361,BCT,26.3784,-80.1076,Boca Raton, FL, Boca Raton Public
368,BDE,48.7284,-94.6122,Baudette, MN, Baudette International
371,BDL,41.9389,-72.6832,Hartford, CT, Bradley International
376,BDR,41.1607,-73.1245,Bridgeport, CT, Igor I Sikorsky Memorial
381,BED,42.47,-71.29,Bedford, MA, Laurence G Hanscom Field
389,BET,60.7798,-161.838,Bethel, AK, Bethel Airport
395,BFD,41.803,-78.6402,Bradford, PA, Bradford Regional
396,BFF,41.874,-103.5956,Scottsbluff, NE, Western Neb. Regional/William B. Heilig Field
397,BFI,47.53,-122.302,Seattle, WA, Boeing Field/King County International
399,BFL,35.4333,-119.0567,Bakersfield, CA, Meadows Field
400,BFM,30.6267,-88.0681,Mobile, AL, Mobile Downtown
403,BFP,40.7725,-80.3915,Beaver Falls, PA, Beaver County
413,BGM,42.2087,-75.9731,Binghamton, NY, Greater Binghamton/Edwin A. Link Field
416,BGR,44.8074,-68.8281,Bangor, ME, Bangor International
422,BHB,44.4498,-68.3616,Bar Harbor, ME, Hancock County-Bar Harbor
430,BHM,33.5629,-86.7535,Birmingham, AL, Birmingham-Shuttlesworth International
440,BIC,57.66,-157.58,Big Creek, AK, Big Creek Airport
441,BID,41.1681,-71.5778,Block Island, RI, Block Island State
442,BIE,40.3017,-96.7533,Beatrice, NE, Beatrice Municipal
443,BIF,31.8495,-106.38,El Paso, TX, Biggs AAF
444,BIG,63.9945,-145.7216,Big Delta, AK, Allen AAF
445,BIH,37.3731,-118.3636,Bishop, CA, Bishop Airport
448,BIL,45.8077,-108.5429,Billings, MT, Billings Logan International
454,BIS,46.774,-100.7467,Bismarck/Mandan, ND, Bismarck Municipal
456,BIX,30.4113,-88.9236,Biloxi, MS, Keesler AFB
460,BJC,39.9083,-105.1167,Broomfield, CO, Rocky Mountain Metro
462,BJI,47.5094,-94.9337,Bemidji, MN, Bemidji Regional
474,BKC,65.9816,-161.1491,Buckland, AK, Buckland Airport
475,BKE,44.8373,-117.8091,Baker, OR, Baker City Municipal
476,BKF,39.7017,-104.7517,Brooks Lake, AK, Brooks Lake Airport
477,BKG,36.5321,-93.2005,Branson, MO, Branson Airport
480,BKL,41.525,-81.6833,Cleveland, OH, Burke Lakefront
485,BKW,37.7867,-81.1244,Beckley, WV, Raleigh County Memorial
490,BLD,35.9475,-114.8611,Boulder City, NV, Boulder City Municipal
492,BLF,37.2958,-81.2077,Princeton/Bluefield, WV, Mercer County
493,BLH,33.6192,-114.7168,Blythe, CA, Blythe Airport
494,BLI,48.7927,-122.5375,Bellingham, WA, Bellingham International
501,BLV,38.5452,-89.8352,Belleville, IL, Scott AFB/MidAmerica
505,BMC,41.5524,-112.0622,Brigham City, UT, Brigham City Airport
508,BMI,40.4767,-88.9167,Bloomington/Normal, IL, Central Illinois Regional
515,BNA,36.1245,-86.6782,Nashville, TN, Nashville International
524,BNO,43.5919,-118.9554,Burns, OR, Burns Municipal
535,BOI,43.5644,-116.2228,Boise, ID, Boise Air Terminal
541,BOS,42.3643,-71.0052,Boston, MA, Logan International
551,BPI,42.5851,-110.1112,Big Piney, WY, Miley Memorial Field
556,BPT,29.9508,-94.0207,Beaumont/Port Arthur, TX, Jack Brooks Regional
564,BQK,31.2588,-81.4665,Brunswick, GA, Brunswick Golden Isles
566,BQN,18.4948,-67.1295,Aguadilla, PR, Rafael Hernandez
573,BRD,46.3983,-94.1381,Brainerd, MN, Brainerd Lakes Regional
577,BRL,40.7832,-91.1255,Burlington, IA, Southeast Iowa Regional
580,BRO,25.9068,-97.4259,Brownsville, TX, Brownsville South Padre Island International
587,BRW,71.2854,-156.766,Barrow, AK, Wiley Post/Will Rogers Memorial
602,BSZ,58.2336,-157.3503,Bartletts, AK, Bartletts Airport
605,BTI,70.134,-143.5819,Barter Island, AK, Barter Island Airport
608,BTL,42.3075,-85.2517,Battle Creek, MI, W K Kellogg
609,BTM,45.9548,-112.4975,Butte, MT, Bert Mooney
610,BTR,30.5331,-91.1496,Baton Rouge, LA, Baton Rouge Metropolitan/Ryan Field
612,BTT,66.9139,-151.529,Bettles, AK, Bettles Airport
614,BTV,44.4718,-73.1532,Burlington, VT, Burlington International
620,BUF,42.9405,-78.7322,Buffalo, NY, Buffalo Niagara International
628,BUR,34.2006,-118.3587,Burbank, CA, Bob Hope
645,BVY,42.5842,-70.9165,Beverly, MA, Beverly Municipal
649,BWG,36.9645,-86.4197,Bowling Green, KY, Bowling Green-Warren County Regional
651,BWI,39.1754,-76.6683,Baltimore, MD, Baltimore/Washington International Thurgood Marshall
667,BYH,35.9643,-89.944,Blytheville, AR, Arkansas International
668,BYI,42.5433,-113.7717,Burley/Rupert, ID, Burley Municipal
684,BZN,45.7775,-111.153,Bozeman, MT, Bozeman Yellowstone International
693,CAE,33.9387,-81.1195,Columbia, SC, Columbia Metropolitan
699,CAK,40.916,-81.4421,Akron, OH, Akron-Canton Regional
704,CAR,46.8714,-68.0178,Caribou, ME, Caribou Municipal
740,CDB,55.2061,-162.7238,Cold Bay, AK, Cold Bay Airport
741,CDC,37.701,-113.0988,Cedar City, UT, Cedar City Regional
744,CDH,33.6233,-92.7633,Camden, AR, Harrell Field
748,CDR,42.8376,-103.0953,Chadron, NE, Chadron Municipal
752,CDV,60.4917,-145.4775,Cordova, AK, Merle K Mudhole Smith
753,CDW,40.8752,-74.2814,Caldwell, NJ, Essex County
755,CEC,41.7796,-124.2409,Crescent City, CA, Jack McNamara Field
758,CEF,42.194,-72.5348,Chicopee Falls, MA, Westover ARB Metropolitan
762,CEM,65.5739,-144.7809,Central, AK, Central Airport
768,CEW,30.7788,-86.5221,Crestview, FL, Bob Sikes
769,CEZ,37.303,-108.6281,Cortez, CO, Cortez Municipal
770,CFA,58.22,-157.5,Coffee Point, AK, Coffee Point Airport
781,CGA,55.4788,-133.1478,Craig, AK, Craig Seaplane Base
785,CGI,37.2253,-89.5708,Cape Girardeau, MO, Cape Girardeau Regional
794,CHA,35.0353,-85.2038,Chattanooga, TN, Lovell Field
801,CHO,38.1386,-78.4529,Charlottesville, VA, Charlottesville Albemarle
804,CHS,32.8986,-80.0405,Charleston, SC, Charleston AFB/International
806,CHU,61.5791,-159.2156,Chuathbaluk, AK, Chuathbaluk Airport
810,CIC,39.7954,-121.8584,Chico, CA, Chico Municipal
811,CID,41.8847,-91.7108,Cedar Rapids/Iowa City, IA, The Eastern Iowa
813,CIG,40.495,-107.5214,Craig, CO, Craig-Moffat
816,CIK,66.645,-143.7399,Chalkyitsik, AK, Chalkyitsik Airport
817,CIN,37.5939,-83.3172,Carroll, IA, Arthur N Neu
821,CIU,46.2508,-84.4724,Sault Ste. Marie, MI, Chippewa County International
836,CKB,39.2966,-80.2281,Clarksburg/Fairmont, WV, North Central West Virginia
838,CKD,61.8679,-158.1349,Crooked Creek, AK, Crooked Creek Airport
845,CKX,64.0713,-141.9523,Chicken, AK, Chicken Airport
849,CLD,33.1283,-117.28,Carlsbad, CA, McClellan-Palomar
850,CLE,41.4117,-81.8498,Cleveland, OH, Cleveland-Hopkins International
851,CLI,44.6133,-88.7317,Clintonville, WI, Clintonville Municipal
853,CLL,30.5885,-96.3637,College Station/Bryan, TX, Easterwood Field
854,CLM,48.1202,-123.4997,Port Angeles, WA, William R. Fairchild International
857,CLP,58.8337,-158.5294,Clarks Point, AK, Clarks Point Airport
859,CLT,35.214,-80.9431,Charlotte, NC, Charlotte Douglas International
860,CLU,39.2617,-85.8967,Columbus, IN, Columbus Municipal
870,CMH,39.998,-82.8919,Columbus, OH, Port Columbus International
871,CMI,40.0393,-88.2781,Champaign/Urbana, IL, University of Illinois/Willard
880,CMX,47.1683,-88.4883,Hancock/Houghton, MI, Houghton County Memorial
887,CNK,39.5493,-97.6523,Concordia, KS, Blosser Municipal
889,CNM,32.3383,-104.2633,Carlsbad, NM, Cavern City Air Terminal
896,CNW,31.6378,-97.074,Waco, TX, TSTC Waco
898,CNY,38.755,-109.7548,Moab, UT, Canyonlands Field
900,COD,44.5202,-109.0238,Cody, WY, Yellowstone Regional
901,COE,47.7743,-116.8196,Coeur d'Alene, ID, Coeur d'Alene - Pappy Boyington Field
902,COF,28.2349,-80.6101,Cocoa Beach, FL, Patrick AFB
908,CON,43.2033,-71.5017,Concord, NH, Concord Municipal
912,COS,38.8058,-104.7002,Colorado Springs, CO, City of Colorado Springs Municipal
913,COT,28.4567,-99.2183,Cotulla, TX, Cotulla-La Salle County
914,COU,38.8183,-92.22,Columbia, MO, Columbia Regional
923,CPR,42.9079,-106.4643,Casper, WY, Casper/Natrona County International
926,CPX,18.3048,-65.1816,Culebra, PR, Benjamin Rivera Noriega
934,CRE,33.8118,-78.7239,Myrtle Beach, SC, Grand Strand
939,CRP,27.7704,-97.5012,Corpus Christi, TX, Corpus Christi International
941,CRS,45.4203,22.2522,Corsicana, TX, C David Campbell Field-Corsicana Municipal
944,CRW,38.3732,-81.5932,Charleston/Dunbar, WV, Yeager
948,CSG,32.5163,-84.9389,Columbus, GA, Columbus Airport
952,CSM,35.34,-99.2,Clinton, OK, Clinton Sherman
954,CSV,35.9513,-85.085,Crossville, TN, Crossville Memorial-Whitson Field
958,CTB,48.6083,-112.3761,Cut Bank, MT, Cut Bank International
966,CTO,40.9067,-72.7917,Calverton, NY, Calverton Executive Airpark
970,CTY,29.635,-83.105,Cross City, FL, Cross City Airport
971,CTZ,34.975,-78.3656,Clinton, NC, Clinton Sampson County
987,CVG,39.0488,-84.6678,Cincinnati, OH, Cincinnati/Northern Kentucky International
990,CVN,34.4251,-103.0793,Clovis, NM, Clovis Municipal
992,CVS,34.3995,-103.3222,Clovis, NM, Cannon AFB
995,CWA,44.7776,-89.6668,Mosinee, WI, Central Wisconsin
998,CWF,30.2133,-93.1433,Lake Charles, LA, Chennault International
1005,CXF,67.2522,-150.2039,Coldfoot, AK, Coldfoot Airport
1014,CYF,60.1492,-164.2856,Chefornak, AK, Chefornak Airport
1019,CYS,41.1557,-104.8118,Cheyenne, WY, Cheyenne Regional/Jerry Olson Field
1026,CZF,61.7809,-166.0395,Cape Romanzof, AK, Cape Romanzof Airport
1031,CZN,62.0712,-142.0484,Chisana, AK, Chisana Airport
1036,DAB,29.1798,-81.0581,Daytona Beach, FL, Daytona Beach International
1039,DAG,34.8537,-116.7867,Daggett, CA, Barstow/Daggett
1041,DAL,32.847,-96.8517,Dallas, TX, Dallas Love Field
1043,DAN,36.5729,-79.3361,Danville, VA, Danville Regional
1049,DAY,39.9024,-84.2194,Dayton, OH, James M Cox/Dayton International
1054,DBQ,42.402,-90.7095,Dubuque, IA, Dubuque Regional
1058,DCA,38.8521,-77.0377,Washington, DC, Ronald Reagan Washington National
1064,DDC,37.7634,-99.9656,Dodge City, KS, Dodge City Regional
1069,DEC,39.8347,-88.8663,Decatur, IL, Decatur Airport
1074,DEN,39.8617,-104.6732,Denver, CO, Denver International
1075,DET,42.4092,-83.0099,Detroit, MI, Coleman A. Young Municipal
1078,DFW,32.8968,-97.038,Dallas/Fort Worth, TX, Dallas/Fort Worth International
1085,DHB,48.616,-123.0,Deer Harbor, WA, Deer Harbor Marina
1089,DHN,31.3213,-85.4497,Dothan, AL, Dothan Regional
1091,DHT,36.0226,-102.5473,Dalhart, TX, Dalhart Municipal
1096,DIK,46.7967,-102.8017,Dickinson, ND, Dickinson - Theodore Roosevelt Regional
1099,DIO,65.7586,-168.9531,Diomede Island, AK, Diomede Heliport
1117,DLF,29.3595,-100.778,Del Rio, TX, Laughlin AFB
1118,DLG,59.0446,-158.5054,Dillingham, AK, Dillingham Airport
1119,DLH,46.8421,-92.1936,Duluth, MN, Duluth International
1122,DLS,45.6185,-121.1673,The Dalles, OR, Columbia Gorge Regional/The Dalles Municipal
1126,DMA,32.1665,-110.8832,Tucson, AZ, Davis Monthan AFB
1132,DMN,32.2623,-107.7206,Deming, NM, Deming Municipal
1141,DNV,40.1992,-87.5959,Danville, IL, Vermilion Regional
1153,DOV,39.1295,-75.4659,Dover, DE, Dover AFB
1155,DPA,41.9067,-88.2483,Chicago, IL, Du Page County
1161,DRA,36.6194,-116.0328,Mercury, NV, Desert Rock
1163,DRG,66.0696,-162.7664,Deering, AK, Deering Airport
1165,DRO,37.1517,-107.7533,Durango, CO, Durango La Plata County
1167,DRT,29.3742,-100.9272,Del Rio, TX, Del Rio International
1173,DSM,41.5341,-93.6506,Des Moines, IA, Des Moines International
1181,DTW,42.2124,-83.3534,Detroit, MI, Detroit Metro Wayne County
1183,DUC,34.4709,-97.9599,Duncan, OK, Halliburton Field
1186,DUG,31.4727,-109.6021,Douglas, AZ, Bisbee Douglas International
1187,DUJ,41.1783,-78.8983,DuBois, PA, DuBois Regional
1191,DUT,53.9,-166.5435,Unalaska, AK, Unalaska Airport
1194,DVL,48.1142,-98.9088,Devils Lake, ND, Devils Lake Regional
1203,DYS,32.4222,-99.8597,Abilene, TX, Dyess AFB
1208,EAA,64.7781,-141.1496,Eagle, AK, Eagle Airport
1212,EAR,40.7238,-99.0068,Kearney, NE, Kearney Regional
1214,EAT,47.3984,-120.2062,Wenatchee, WA, Pangborn Memorial
1215,EAU,44.8658,-91.4843,Eau Claire, WI, Chippewa Valley Regional
1225,ECA,-50.2803,-72.0532,East Tawas, MI, Iosco County
1226,ECG,36.2606,-76.1746,Elizabeth City, NC, Elizabeth City CGAS/Regional
1229,ECP,30.3582,-85.7956,Panama City, FL, Northwest Florida Beaches International
1230,EDA,55.954,-133.658,Edna Bay, AK, Edna Bay Airport
1232,EDF,61.2531,-149.7939,Anchorage, AK, Elmendorf AFB
1238,EDW,34.9054,-117.8837,Edwards, CA, Edwards AFB
1239,EED,34.7667,-114.6233,Needles, CA, Needles Airport
1240,EEK,60.2184,-162.0235,Eek, AK, Eek Airport
1241,EFD,29.6073,-95.1587,Houston, TX, Ellington
1246,EGE,39.6425,-106.9176,Eagle, CO, Eagle County Regional
1251,EGV,45.9323,-89.2683,Eagle River, WI, Eagle River Union
1252,EGX,58.1855,-157.3754,Egegik, AK, Egegik Airport
1254,EHM,58.6465,-162.0628,Cape Newenham, AK, Cape Newenham LRRS
1257,EIL,64.6657,-147.1015,Fairbanks, AK, Eielson AFB
1264,EKA,40.8056,-124.1156,Eureka, CA, Murray Field
1266,EKI,37.0007,-101.88,Elkhart, IN, Elkhart Municipal
1267,EKN,38.89,-79.8567,Elkins, WV, Elkins-Randolph County-Jennings Randolph Field
1268,EKO,40.8249,-115.7917,Elko, NV, Elko Regional
1272,ELD,33.221,-92.8133,El Dorado, AR, South Arkansas Regional at Goodwin Field
1276,ELI,64.615,-162.2705,Elim, AK, Elim Airport
1277,ELM,42.1599,-76.8916,Elmira/Corning, NY, Elmira/Corning Regional
1279,ELP,31.8067,-106.3778,El Paso, TX, El Paso International
1284,ELV,58.1952,-136.3474,Elfin Cove, AK, Elfin Cove Seaplane Base
1285,ELY,39.2997,-114.8418,Ely, NV, Ely Airport/Yelland Field
1289,EMK,62.7861,-164.4907,Emmonak, AK, Emmonak Airport
1291,EMP,38.3317,-96.1917,Emporia, KS, Emporia Municipal
1292,ENA,60.5731,-151.245,Kenai, AK, Kenai Municipal
1299,ENL,38.5151,-89.0911,Centralia, IL, Centralia Municipal
1300,ENN,64.5473,-149.074,Nenana, AK, Nenana Municipal
1306,ENV,40.7186,-114.0308,Wendover, UT, Wendover Airport
1313,EPH,47.3075,-119.5158,Ephrata/Moses Lake, WA, Ephrata Municipal
1321,ERI,42.0819,-80.1761,Erie, PA, Erie International/Tom Ridge Field
1328,ESC,45.7227,-87.0937,Escanaba, MI, Delta County
1329,ESD,48.7082,-122.9105,Eastsound, WA, Orcas Island
1331,ESF,31.3947,-92.2958,Alexandria, LA, Esler Regional
1343,EUG,44.1245,-123.212,Eugene, OR, Mahlon Sweet Field
1349,EVV,38.037,-87.5324,Evansville, IN, Evansville Regional
1351,EWB,41.6825,-70.9617,New Bedford/Fall River, MA, New Bedford Regional
1353,EWN,35.0731,-77.0431,New Bern/Morehead/Beaufort, NC, Coastal Carolina Regional
1354,EWR,40.6925,-74.1687,Newark, NJ, Newark Liberty International
1355,EXI,58.4205,-135.449,Excursion Inlet, AK, Excursion Inlet Seaplane Base
1359,EYW,24.5562,-81.7595,Key West, FL, Key West International
1369,FAI,64.8137,-147.8597,Fairbanks, AK, Fairbanks International
1370,FAK,-16.05,-145.65,False Island, AK, False Island Airport
1373,FAR,46.9207,-96.8158,Fargo, ND, Hector International
1374,FAT,36.7762,-119.7181,Fresno, CA, Fresno Yosemite International
1376,FAY,34.9911,-78.8803,Fayetteville, NC, Fayetteville Regional/Grannis Field
1380,FBK,64.8365,-147.6168,Fairbanks, AK, Ladd AAF
1382,FBS,48.5436,-123.0061,Friday Harbor, WA, Friday Harbor Seaplane Base
1383,FCA,48.3105,-114.256,Kalispell, MT, Glacier Park International
1386,FCS,38.6784,-104.7566,Colorado Springs, CO, Butts AAF
1390,FDK,39.4178,-77.3744,Frederick, MD, Frederick Municipal
1391,FDY,41.012,-83.6686,Findlay, OH, Findlay Airport
1396,FEP,42.2462,-89.582,Freeport, IL, Albertus
1401,FHU,31.5885,-110.3444,Fort Huachuca, AZ, Sierra Vista Municipal-Libby AAF
1409,FKL,41.3778,-79.8603,Franklin/Oil City, PA, Venango Regional
1414,FLG,35.1386,-111.6711,Flagstaff, AZ, Flagstaff Pulliam
1415,FLL,26.0727,-80.1527,Fort Lauderdale, FL, Fort Lauderdale-Hollywood International
1417,FLO,34.1854,-79.7239,Florence, SC, Florence Regional
1420,FLV,39.3683,-94.915,Leavenworth, KS, Sherman AAF
1424,FMH,41.6583,-70.5217,Falmouth, MA, Cape Cod CGAS
1427,FMN,36.742,-108.2298,Farmington, NM, Four Corners Regional
1429,FMY,26.5867,-81.8633,Fort Myers, FL, Page Field
1436,FNL,40.4518,-105.0113,Fort Collins/Loveland, CO, Fort Collins-Loveland Municipal
1437,FNT,42.9654,-83.7436,Flint, MI, Bishop International
1438,FOA,38.6649,-88.453,Fortuna Ledge, AK, Marshall Field
1440,FOD,42.5512,-94.1918,Fort Dodge, IA, Fort Dodge Regional
1441,FOE,38.9509,-95.6636,Topeka, KS, Topeka Regional
1449,FPR,27.495,-80.3683,Fort Pierce, FL, Treasure Coast International
1453,FRD,48.522,-123.0244,Friday Harbor, WA, Friday Harbor Airport
1455,FRG,40.7288,-73.4134,East Farmingdale, NY, Republic
1463,FSD,43.582,-96.7419,Sioux Falls, SD, Joe Foss Field
1464,FSK,37.7984,-94.7694,Fort Scott, KS, Fort Scott Municipal
1465,FSM,35.3366,-94.3674,Fort Smith, AR, Fort Smith Regional
1471,FTG,39.7852,-104.5431,Denver, CO, Front Range
1472,FTK,37.9071,-85.972,Fort Knox, KY, Godman AAF
1474,FTW,32.8198,-97.3624,Dallas/Fort Worth, TX, Fort Worth Meacham International
1475,FTY,33.7792,-84.5222,Atlanta, GA, Fulton County Airport-Brown Field
1484,FWA,40.9785,-85.1951,Fort Wayne, IN, Fort Wayne International
1486,FWH,32.7683,-97.4417,Fort Worth, TX, Fort Worth NAS JRB/Carswell Field
1487,FXE,26.1973,-80.1707,Fort Lauderdale, FL, Fort Lauderdale Executive
1491,FYU,66.5715,-145.2504,Fort Yukon, AK, Fort Yukon Airport
1492,FYV,36.0053,-94.17,Fayetteville, AR, Drake Field
1494,GAD,33.9726,-86.089,Gadsden, AL, Northeast Alabama Regional
1499,GAL,64.7362,-156.9373,Galena, AK, Edward G. Pitka Sr.
1500,GAM,63.7668,-171.7328,Gambell, AK, Gambell Airport
1508,GBD,38.3443,-98.8592,Great Bend, KS, Great Bend Municipal
1512,GCC,44.3489,-105.5394,Gillette, WY, Gillette Campbell County
1516,GCK,37.9275,-100.7243,Garden City, KS, Garden City Regional
1518,GCN,35.9523,-112.147,Grand Canyon, AZ, Grand Canyon National Park
1528,GDV,47.1386,-104.8072,Glendive, MT, Dawson Community
1533,GEG,47.6198,-117.5337,Spokane, WA, Spokane International
1540,GEY,44.5168,-108.0828,Greybull, WY, South Big Horn County
1541,GFA,47.5046,-111.1873,Great Falls, MT, Malmstrom AFB Heliport
1543,GFK,47.9493,-97.1761,Grand Forks, ND, Grand Forks International
1544,GFL,43.3411,-73.6103,Glens Falls, NY, Floyd Bennett Memorial
1547,GGG,32.384,-94.7115,Longview, TX, East Texas Regional
1552,GGW,48.2125,-106.6147,Glasgow, MT, Wokal Field/Glasgow International
1572,GJT,39.1224,-108.5267,Grand Junction, CO, Grand Junction Regional
1576,GKN,62.1549,-145.4566,Gulkana, AK, Gulkana Airport
1578,GLD,39.3706,-101.6989,Goodland, KS, Renner Field
1581,GLH,33.4828,-90.9856,Greenville, MS, Greenville Mid Delta
1586,GLS,29.2653,-94.8604,Galveston, TX, Scholes International at Galveston
1589,GLV,64.5505,-163.0072,Golovin, AK, Golovin Airport
1602,GMU,34.8481,-82.35,Greenville, SC, Greenville Downtown
1612,GNT,35.1653,-107.9006,Grants, NM, Grants Milan Municipal
1613,GNU,59.1174,-161.5774,Goodnews Bay, AK, Goodnews
1614,GNV,29.69,-82.2719,Gainesville, FL, Gainesville Regional
1622,GON,41.33,-72.0451,New London/Groton, CT, Groton-New London
1636,GPT,30.4073,-89.0701,Gulfport/Biloxi, MS, Gulfport-Biloxi International
1637,GPZ,47.2111,-93.5098,Grand Rapids, MN, Grand Rapids/Itasca County-Gordon Newstrom Field
1638,GRB,44.4851,-88.1296,Green Bay, WI, Green Bay Austin Straubel International
1639,GRF,47.0792,-122.5807,Tacoma, WA, Gray AAF
1640,GRI,40.9675,-98.3096,Grand Island, NE, Central Nebraska Regional
1642,GRK,31.0672,-97.8289,Killeen, TX, Robert Gray AAF
1646,GRR,42.8808,-85.5228,Grand Rapids, MI, Gerald R. Ford International
1654,GSB,35.3393,-77.9607,Goldsboro, NC, Seymour Johnson AFB
1657,GSO,36.0977,-79.9373,Greensboro/High Point, NC, Piedmont Triad International
1658,GSP,34.8956,-82.2188,Greer, SC, Greenville-Spartanburg International
1660,GST,58.4243,-135.7073,Gustavus, AK, Gustavus Airport
1665,GTF,47.482,-111.3707,Great Falls, MT, Great Falls International
1668,GTR,33.4503,-88.5914,Columbus, MS, Golden Triangle Regional
1673,GUC,38.5339,-106.933,Gunnison, CO, Gunnison-Crested Butte Regional
1678,GUM,13.4839,144.7972,Guam, TT, Guam International
1679,GUP,35.5111,-108.7893,Gallup, NM, Gallup Municipal
1684,GUY,36.6853,-101.5078,Guymon, OK, Guymon Municipal
1687,GVE,38.1567,-78.165,Gordonville, VA, Gordonsville Municipal
1690,GVT,33.0678,-96.0653,Greenville, TX, Majors
1695,GWO,33.495,-90.085,Greenwood, MS, Greenwood/Leflore
1711,GYR,33.4237,-112.3745,Goodyear, AZ, Phoenix Goodyear
1714,GYY,41.6163,-87.4128,Gary, IN, Gary/Chicago International
1722,HAE,36.1916,-113.0924,Havasupai, AZ, Havasupai Airport
1740,HCR,62.1883,-159.7749,Holy Cross, AK, Holy Cross Airport
1746,HDN,40.5203,-107.3047,Hayden, CO, Yampa Valley
1760,HEZ,31.6133,-91.2967,Natchez, MS, Hardy-Anders Field Natchez-Adams County
1762,HFD,41.7367,-72.6333,Hartford, CT, Hartford Brainard
1773,HGR,39.7085,-77.7265,Hagerstown, MD, Hagerstown Regional-Richard A. Henson Field
1777,HHH,32.2244,-80.6975,Hilton Head, SC, Hilton Head Airport
1781,HHR,33.9233,-118.335,Hawthorne, CA, Jack Northrop Field/Hawthorne Municipal
1783,HIA,33.53,119.23,Hiawatha, KS, Hiawatha Municipal
1784,HIB,47.3867,-92.8389,Hibbing, MN, Range Regional
1786,HIF,41.1239,-111.973,Ogden, UT, Hill AFB
1788,HIK,21.3187,-157.9224,Honolulu, HI, Joint Base Pearl Harbor-Hickam
1791,HIO,45.5404,-122.9498,Hillsboro, OR, Portland Hillsboro
1798,HKB,63.8676,-148.9688,Healy, AK, Healy River
1804,HKY,35.7411,-81.3894,Hickory, NC, Hickory Regional
1810,HLG,40.175,-80.6464,Wheeling, WV, Wheeling Ohio County
1812,HLN,46.6067,-111.9827,Helena, MT, Helena Regional
1822,HMN,32.8517,-106.1017,Alamogordo, NM, Holloman AFB
1827,HNH,58.0961,-135.4097,Hoonah, AK, Hoonah Airport
1828,HNL,21.3187,-157.9224,Honolulu, HI, Honolulu International
1829,HNM,20.7956,-156.0144,Hana, HI, Hana Airport
1831,HNS,59.2438,-135.5235,Haines, AK, Haines Airport
1832,HOB,32.6875,-103.2169,Hobbs, NM, Lea County Regional
1839,HOM,59.6456,-151.4766,Homer, AK, Homer Airport
1840,HON,44.3852,-98.2285,Huron, SD, Huron Regional
1841,HOP,36.6686,-87.4961,Hopkinsville, KY, Campbell AAF
1844,HOT,34.4781,-93.0961,Hot Springs, AR, Memorial Field
1845,HOU,29.6454,-95.2789,Houston, TX, William P Hobby
1849,HPB,61.5239,-166.1466,Hooper Bay, AK, Hooper Bay Airport
1852,HPN,41.067,-73.7076,White Plains, NY, Westchester County
1853,HQM,46.9712,-123.9365,Hoquiam, WA, Bowerman
1859,HRL,26.2285,-97.6544,Harlingen/San Benito, TX, Valley International
1861,HRO,36.2614,-93.1547,Harrison, AR, Boone County
1867,HSI,40.6053,-98.4278,Hastings, NE, Hastings Municipal
1869,HSL,65.6979,-156.3514,Huslia, AK, Huslia Airport
1872,HST,25.4886,-80.3833,Homestead, FL, Homestead ARB
1873,HSV,34.6372,-86.7751,Huntsville, AL, Huntsville International-Carl T Jones Field
1881,HTS,38.3667,-82.558,Ashland, WV, Tri-State/Milton J. Ferguson Field
1883,HUA,34.6787,-86.6848,Huntsville, AL, Redstone AAF
1885,HUF,39.4633,-87.3125,Terre Haute, IN, Terre Haute International-Hulman Field
1888,HUL,46.1233,-67.7917,Houlton, ME, Houlton International
1892,HUS,66.0391,-154.2647,Hughes, AK, Hughes Airport
1893,HUT,38.0654,-97.8606,Hutchinson, KS, Hutchinson Regional
1904,HVN,41.2638,-72.8868,New Haven, CT, Tweed New Haven
1905,HVR,48.5431,-109.7622,Havre, MT, Havre City-County
1906,HWD,37.6589,-122.1217,Hayward, CA, Hayward Executive
1910,HYA,41.6694,-70.2803,Hyannis, MA, Barnstable Municipal-Boardman/Polando Field
1912,HYG,55.2063,-132.8283,Hydaburg, AK, Hydaburg Seaplane Base
1913,HYL,55.4816,-132.6461,Hollis, AK, Hollis Seaplane Base
1915,HYS,38.8422,-99.2732,Hays, KS, Hays Regional
1922,IAB,37.6229,-97.2733,Wichita, KS, McConnell AFB
1923,IAD,38.9445,-77.4558,Washington, DC, Washington Dulles International
1924,IAG,43.1073,-78.9462,Niagara Falls, NY, Niagara Falls International
1925,IAH,29.9844,-95.3414,Houston, TX, George Bush Intercontinental/Houston
1927,IAN,66.976,-160.4365,Kiana, AK, Bob Baker Memorial
1941,ICT,37.6499,-97.4331,Wichita, KS, Wichita Dwight D Eisenhower National
1942,IDA,43.5145,-112.0702,Idaho Falls, ID, Idaho Falls Regional
1953,IFP,35.1611,-114.5595,Bullhead City, AZ, Laughlin/Bullhead International
1957,IGG,59.324,-155.9018,Igiugig, AK, Igiugig Airport
1960,IGM,35.2594,-113.9381,Kingman, AZ, Kingman Airport
1972,IJX,39.7744,-90.2386,Jacksonville, IL, Jacksonville Municipal
1976,IKK,41.0714,-87.8464,Kankakee, IL, Greater Kankakee
1977,IKO,52.9416,-168.849,Nikolski, AK, Nikolski AS
1980,IKV,41.6913,-93.5663,Ankeny, IA, Ankeny Regional
1985,ILG,39.6787,-75.6065,Wilmington, DE, New Castle
1986,ILI,59.7544,-154.911,Iliamna, AK, Iliamna Airport
1987,ILM,34.2706,-77.9025,Wilmington, NC, Wilmington International
1988,ILN,39.4279,-83.7921,Wilmington, OH, Wilmington Air Park
1998,IML,40.5105,-101.6201,Imperial, NE, Imperial Municipal
2001,IMT,45.8184,-88.1145,Iron Mountain/Kingsfd, MI, Ford
2005,IND,39.7173,-86.2944,Indianapolis, IN, Indianapolis International
2011,INL,48.5662,-93.4031,International Falls, MN, Falls International Einarson Field
2013,INT,36.1336,-80.2219,Winston-Salem, NC, Smith Reynolds
2016,INW,35.0218,-110.7225,Winslow, AZ, Winslow-Lindbergh Regional
2030,IPL,32.8342,-115.5787,El Centro, CA, Imperial County
2032,IPT,41.2418,-76.9211,Williamsport, PA, Williamsport Regional
2040,IRC,65.8279,-144.0762,Circle, AK, Circle City
2046,IRK,40.093,-92.544,Kirksville, MO, Kirksville Regional
2059,ISL,41.1631,28.4507,Isabel Pass, AK, Isabel Pass Airport
2060,ISM,28.2898,-81.437,Orlando, FL, Kissimmee Gateway
2061,ISN,48.1783,-103.6417,Williston, ND, Sloulin Field International
2062,ISO,35.3314,-77.6088,Kinston, NC, Kinston Regional Jetport at Stallings Field
2063,ISP,40.7953,-73.1002,Islip, NY, Long Island MacArthur
2068,ITH,42.4911,-76.4586,Ithaca/Cortland, NY, Ithaca Tompkins Regional
2072,ITO,19.7203,-155.0485,Hilo, HI, Hilo International
2080,IWD,46.5275,-90.1314,Ironwood, MI, Gogebic-Iron County
2106,IYK,35.6588,-117.8295,Inyokern, CA, Inyokern Airport
2112,JAC,43.6073,-110.7378,Jackson, WY, Jackson Hole
2119,JAN,32.3111,-90.0759,Jackson/Vicksburg, MS, Jackson Medgar Wiley Evers International
2124,JAX,30.4941,-81.6879,Jacksonville, FL, Jacksonville International
2127,JBR,35.8317,-90.6464,Jonesboro, AR, Jonesboro Municipal
2134,JCT,30.5114,-99.7636,Junction, TX, Kimble County
2147,JFK,40.6397,-73.7789,New York, NY, John F. Kennedy International
2150,JGC,35.967,-112.133,Grand Canyon, AZ, Grand Canyon Heliport
2157,JHM,20.9636,-156.673,Kapalua, HI, Kapalua Airport
2159,JHW,42.1533,-79.2581,Jamestown, NY, Chautauqua County/Jamestown
2180,JLN,37.1519,-94.4983,Joplin, MO, Joplin Regional
2186,JMS,46.9297,-98.6782,Jamestown, ND, Jamestown Regional
2193,JNU,58.355,-134.5763,Juneau, AK, Juneau International
2208,JQF,35.3878,-80.7091,Cabarrus, NC, Concord Regional
2209,JRB,40.7012,-74.009,New York, NY, Downtown Manhattan/Wall Street Heliport
2210,JRF,21.3074,-158.0703,Kapolei, HI, Kalaeloa
2217,JSK,25.3913,57.4757,St. Cloud, MN, Crossroads Heliport
2219,JST,40.3161,-78.8339,Johnstown, PA, John Murtha Johnstown-Cambria County
2242,JXN,42.2598,-84.4594,Jackson, MI, Jackson County-Reynolds Field
2250,KAE,56.9614,-133.9103,Kake, AK, Kake Seaplane Base
2252,KAL,64.319,-158.7413,Kaltag, AK, Kaltag Airport
2260,KBC,66.274,-145.824,Birch Creek, AK, Birch Creek Airport
2268,KCC,56.0148,-132.8339,Coffman Cove, AK, Coffman Cove Seaplane Base
2270,KCG,56.3178,-158.5909,Chignik Bay, AK, Chignik Bay Airport
2272,KCK,57.7725,108.0589,Kansas City, KS, Fairfax Municipal
2273,KCL,56.3112,-158.5359,Chignik Lagoon, AK, Chignik Lagoon Airport
2276,KCQ,56.3115,-158.3732,Chignik, AK, Chignik Lake
2291,KEB,59.3521,-151.9252,Nanwalek, AK, Nanwalek Airport
2294,KEH,47.7548,-122.2593,Kenmore, WA, Kenmore Air Harbor
2296,KEK,59.3568,-157.4711,Ekwok, AK, Ekwok Airport
2307,KFP,54.8474,-163.4103,False Pass, AK, False Pass Airport
2317,KGK,59.7266,-157.2595,Koliganek, AK, Koliganek Airport
2324,KGX,62.8946,-160.0649,Grayling, AK, Grayling Airport
2362,KKA,64.9395,-161.1543,Koyuk, AK, Koyuk Alfred Adams
2363,KKB,58.1909,-152.3705,Kitoi Bay, AK, Kitoi Bay Airport
2367,KKH,59.9608,-162.8812,Kongiganak, AK, Kongiganak Airport
2368,KKI,60.9079,-161.4351,Akiachak, AK, Akiachak Airport
2375,KKU,58.8112,-158.5588,Ekuk, AK, Ekuk Airport
2381,KLG,61.5363,-160.3413,Kalskag, AK, Kalskag Airport
2383,KLL,59.1281,-156.8586,Levelock, AK, Levelock Airport
2385,KLN,57.53,-154.0,Larsen Bay, AK, Larsen Bay Airport
2390,KLW,55.5792,-133.076,Klawock, AK, Klawock Airport
2400,KMO,58.9902,-159.0499,Manokotak, AK, Manokatak Seaplane Base
2408,KMY,57.0256,-154.1459,Moser Bay, AK, Moser Bay Airport
2414,KNK,59.4331,-154.8037,Kokhanok, AK, Kokhanok Airport
2420,KNW,59.4515,-157.3732,New Stuyahok, AK, New Stuyahok Airport
2422,KOA,19.7389,-156.0457,Kona, HI, Kona International Airport at Keahole
2432,KOT,63.0306,-163.5326,Kotlik, AK, Kotlik Airport
2436,KOY,57.1615,-154.2298,Olga Bay, AK, Olga Bay Seaplane Base
2437,KOZ,57.9229,-152.5005,Ouzinkie, AK, Ouzinkie Airport
2438,KPB,56.3519,-133.6226,Point Baker, AK, Point Baker Airport
2439,KPC,65.2537,-166.8585,Port Clarence, AK, Port Clarence CGS
2440,KPN,59.933,-164.0305,Kipnuk, AK, Kipnuk Airport
2442,KPR,58.4901,-152.5822,Port Williams, AK, Port Williams Airport
2444,KPV,55.9067,-159.1608,Perryville, AK, Perryville Airport
2446,KPY,57.9301,-153.0406,Port Bailey, AK, Port Bailey Airport
2447,KQA,54.1325,-165.7853,Akutan, AK, Akutan Airport
2473,KSM,62.0608,-163.3018,St. Mary's, AK, St. Mary's Airport
2477,KSR,56.2333,-160.2331,Sandy River, AK, Federal No.1
2483,KTB,55.688,-132.5367,Thorne Bay, AK, Thorne Bay Seaplane Base
2490,KTN,55.3556,-131.7137,Ketchikan, AK, Ketchikan International
2494,KTS,65.3333,-166.4833,Brevig Mission, AK, Brevig Mission Airport
2503,KUK,60.8733,-162.5243,Kasigluk, AK, Kasigluk Airport
2515,KVC,55.1163,-162.2662,King Cove, AK, King Cove Airport
2519,KVL,67.7362,-164.5635,Kivalina, AK, Kivalina Airport
2524,KWF,55.2963,-133.2433,Waterfall, AK, Waterfall Seaplane Base
2528,KWK,59.8367,-163.1403,Kwigillingok, AK, Kwigillingok Airport
2531,KWN,59.7551,-161.8454,Quinhagak, AK, Quinhagak Airport
2532,KWP,57.7701,-153.5489,West Point, AK, West Point Village
2533,KWT,60.8,-161.45,Kwethluk, AK, Kwethluk Airport
2541,KYK,57.5661,-154.4539,Karluk, AK, Karluk Airport
2544,KYU,64.8758,-157.7304,Koyukuk, AK, Koyukuk Airport
2546,KZB,57.55,-153.75,Zachar Bay, AK, Zachar Bay Airport
2554,LAF,40.4123,-86.9369,Lafayette, IN, Purdue University
2559,LAL,27.9889,-82.0186,Lakeland, FL, Lakeland Linder Regional
2560,LAM,33.79,-118.052,Los Alamos, NM, Los Alamos Airport
2561,LAN,42.7783,-84.5867,Lansing, MI, Capital Region International
2565,LAR,41.3119,-105.675,Laramie, WY, Laramie Regional
2566,LAS,36.0804,-115.1523,Las Vegas, NV, McCarran International
2568,LAW,34.5677,-98.4166,Lawton/Fort Sill, OK, Lawton-Fort Sill Regional
2569,LAX,33.9425,-118.4081,Los Angeles, CA, Los Angeles International
2572,LBB,33.6633,-101.8233,Lubbock, TX, Lubbock Preston Smith International
2575,LBE,40.2761,-79.4047,Latrobe, PA, Arnold Palmer Regional
2576,LBF,41.1262,-100.6837,North Platte, NE, North Platte Regional Airport Lee Bird Field
2580,LBL,37.0442,-100.9599,Liberal, KS, Liberal Mid-America Regional
2592,LCH,30.1261,-93.2234,Lake Charles, LA, Lake Charles Regional
2593,LCI,43.5736,-71.4189,Laconia, NH, Laconia Municipal
2595,LCK,39.8138,-82.9278,Columbus, OH, Rickenbacker International
2613,LEB,43.6261,-72.3042,Lebanon-Hanover, NH, Lebanon Municipal
2626,LEX,38.0365,-84.6059,Lexington, KY, Blue Grass
2629,LFI,37.0828,-76.3604,Newport News/Hampton, VA, Langley AFB
2630,LFK,31.2339,-95.75,Lufkin, TX, Angelina County
2634,LFT,30.2052,-91.9876,Lafayette, LA, Lafayette Regional Paul Fournet Field
2636,LGA,40.7773,-73.8727,New York, NY, LaGuardia
2637,LGB,33.8177,-118.1516,Long Beach, CA, Long Beach Airport
2638,LGC,33.0089,-85.0726,LaGrange, GA, LaGrange-Callaway
2648,LGU,41.7878,-111.8528,Logan, UT, Logan Cache
2655,LIC,39.2728,-103.6664,Limon, CO, Limon Municipal
2659,LIH,21.976,-159.339,Lihue, HI, Lihue Airport
2669,LIT,34.7294,-92.2242,Little Rock, AR, Bill and Hillary Clinton Nat Adams Field
2671,LIZ,46.9504,-67.8859,Limestone, ME, Loring International
2677,LKE,47.629,-122.3387,Seattle, WA, Lake Union Terminal
2694,LMA,63.886,-152.3019,Lake Minchumina, AK, Lake Minchumina Airport
2702,LMS,33.1462,-89.0625,Louisville, MS, Louisville Winston County
2703,LMT,42.1561,-121.7332,Klamath Falls, OR, Crater Lake Klamath Regional
2706,LND,42.8152,-108.7298,Lander, WY, Hunt Field
2709,LNK,40.851,-96.7592,Lincoln, NE, Lincoln Airport
2710,LNL,33.0788,105.797,Land O' Lakes, WI, Kings Land O' Lakes
2712,LNS,40.1217,-76.2961,Lancaster, PA, Lancaster Airport
2714,LNY,20.7856,-156.9514,Lanai, HI, Lanai Airport
2719,LOI,-27.1597,-49.5428,Laredo, TX, Laredo Municipal
2721,LOL,40.0664,-118.5652,Lovelock, NV, Derby Field
2725,LOT,41.6073,-88.0962,Chicago/Romeoville, IL, Lewis University
2726,LOU,38.228,-85.6637,Louisville, KY, Bowman Field
2729,LOZ,37.087,-84.0773,London/Corbin, KY, London-Corbin Airport-Magee Field
2741,LPS,48.4839,-122.9377,Lopez Island, WA, Lopez Island Airport
2749,LRD,27.5437,-99.4615,Laredo, TX, Laredo International
2751,LRF,34.9165,-92.1463,Jacksonville, AR, Little Rock AFB
2759,LRU,32.2936,-106.9256,Las Cruces, NM, Las Cruces International
2762,LSE,43.8797,-91.2569,La Crosse, WI, La Crosse Regional
2763,LSF,32.3383,-84.9917,Columbus, GA, Lawson AAF
2771,LSV,36.2362,-115.0343,Las Vegas, NV, Nellis AFB
2783,LTS,34.6503,-99.2667,Altus, OK, Altus AFB
2790,LUF,33.535,-112.3832,Phoenix, AZ, Luke AFB
2793,LUK,39.1033,-84.4186,Cincinnati, OH, Cincinnati Municipal Lunken Field
2797,LUP,21.211,-156.9736,Kalaupapa, HI, Kalaupapa Airport
2799,LUR,68.8752,-166.11,Cape Lisburne, AK, Cape Lisburne LRRS
2806,LVM,45.6994,-110.4483,Livingston, MT, Livingston Airport
2809,LVS,35.6542,-105.1422,Las Vegas, NM, Las Vegas Municipal
2810,LWB,37.8583,-80.3995,Lewisburg, WV, Greenbrier Valley
2812,LWM,42.7175,-71.1281,Lawrence, MA, Lawrence Municipal
2816,LWS,46.3745,-117.0154,Lewiston, ID, Lewiston Nez Perce County
2817,LWT,47.0493,-109.4667,Lewistown, MT, Lewistown Municipal
2824,LXV,39.2203,-106.3167,Leadville, CO, Lake County
2830,LYH,37.3269,-79.2004,Lynchburg, VA, Lynchburg Regional/Preston Glenn Field
2841,LZU,34.0808,-84.0738,Lawrenceville, GA, Gwinnett County - Briscoe Field
2846,MAF,31.9425,-102.202,Midland/Odessa, TX, Midland International
2860,MAZ,18.2557,-67.1485,Mayaguez, PR, Eugenio Maria de Hostos
2868,MBL,44.2724,-86.2469,Manistee/Ludington, MI, Manistee County-Blacker
2870,MBS,43.5331,-84.0797,Saginaw/Bay City/Midland, MI, MBS International
2877,MCB,31.1786,-90.4719,McComb, MS, McComb/Pike County/John E. Lewis Field
2878,MCE,37.2847,-120.5139,Merced, CA, Merced Regional/Macready Field
2879,MCF,27.8493,-82.5212,Tampa, FL, Macdill AFB
2880,MCG,62.9528,-155.6058,McGrath, AK, McGrath Airport
2882,MCI,39.2976,-94.7139,Kansas City, MO, Kansas City International
2883,MCK,40.2063,-100.5921,McCook, NE, McCook Ben Nelson Regional
2885,MCN,32.6929,-83.6492,Macon, GA, Middle Georgia Regional
2886,MCO,28.4294,-81.309,Orlando, FL, Orlando International
2891,MCW,43.1578,-93.3314,Mason City, IA, Mason City Municipal
2902,MDT,40.1935,-76.7633,Harrisburg, PA, Harrisburg International
2904,MDW,41.786,-87.7524,Chicago, IL, Chicago Midway International
2906,MDY,28.2035,-177.3821,Midway Island, TT, Sand Island Field
2915,MEI,32.3326,-88.7518,Meridian, MS, Key Field
2917,MEM,35.0435,-89.9767,Memphis, TN, Memphis International
2925,MFD,40.8217,-82.5167,Mansfield, OH, Mansfield Lahm Regional
2926,MFE,26.1758,-98.2386,Mission/McAllen/Edinburg, TX, McAllen Miller International
2932,MFR,42.3742,-122.8734,Medford, OR, Rogue Valley International - Medford
2936,MGE,33.915,-84.5167,Marietta, GA, Dobbins ARB
2940,MGM,32.3006,-86.3939,Montgomery, AL, Montgomery Regional
2946,MGW,39.6431,-79.9164,Morgantown, WV, Morgantown Municipal-Walter L. Bill Hart Field
2952,MHK,39.1412,-96.6708,Manhattan/Ft. Riley, KS, Manhattan Regional
2955,MHR,38.5539,-121.2976,Sacramento, CA, Sacramento Mather
2956,MHT,42.9326,-71.4357,Manchester, NH, Manchester-Boston Regional
2958,MHV,35.0594,-118.1519,Mojave, CA, Mojave Air and Space Port
2961,MIA,25.7933,-80.2906,Miami, FL, Miami International
2962,MIB,48.415,-101.3567,Minot, ND, Minot AFB
2974,MIV,39.3678,-75.0722,Millville, NJ, Millville Municipal
2991,MKC,39.1232,-94.5927,Kansas City, MO, Charles B. Wheeler Downtown
2992,MKE,42.9472,-87.8966,Milwaukee, WI, General Mitchell International
2993,MKG,43.1695,-86.2382,Muskegon, MI, Muskegon County
2995,MKK,21.1529,-157.0963,Hoolehua, HI, Molokai
2996,MKL,35.5998,-88.9156,Jackson, TN, McKellar-Sipes Regional
3006,MLB,28.1027,-80.6295,Melbourne, FL, Melbourne International
3007,MLC,34.8822,-95.7833,McAlester, OK, McAlester Regional
3008,MLD,42.1667,-112.2967,Malad City, ID, Malad City Airport
3010,MLF,38.4266,-113.0125,Milford, UT, Milford Municipal/Ben and Judy Briscoe Field
3013,MLI,41.4485,-90.5075,Moline, IL, Quad City International
3014,MLL,61.8833,-162.0667,Marshall, AK, Marshall Don Hunter Sr.
3019,MLS,46.4281,-105.8856,Miles City, MT, Frank Wiley Field
3020,MLT,45.6483,-68.685,Millinocket, ME, Millinocket Municipal
3021,MLU,32.5117,-92.0383,Monroe, LA, Monroe Regional
3024,MLY,64.9976,-150.6441,Manley Hot Springs, AK, Manley Hot Springs Airport
3030,MMH,37.624,-118.8378,Mammoth Lakes, CA, Mammoth Lakes Airport
3035,MMT,33.9208,-80.8011,Columbia, SC, McEntire Jngb
3036,MMU,40.7992,-74.415,Morristown, NJ, Morristown Municipal
3053,MNT,65.1437,-149.37,Minto, AK, Minto Al Wright
3058,MOB,30.6912,-88.2428,Mobile, AL, Mobile Regional
3060,MOD,37.6167,-120.95,Modesto, CA, Modesto City-County-Harry Sham Field
3069,MOT,48.2594,-101.2803,Minot, ND, Minot International
3070,MOU,62.0954,-163.6821,Mountain Village, AK, Mountain Village Airport
3081,MPV,44.2035,-72.5623,Montpelier/Barre, VT, Edward F Knapp State
3083,MQB,40.5203,-90.6522,Macomb, IL, Macomb Municipal
3086,MQJ,66.4558,143.2531,Indianapolis, IN, Indianapolis Regional
3093,MQT,46.3536,-87.3954,Marquette, MI, Sawyer International
3096,MQY,36.009,-86.52,Smyrna, TN, Smyrna Airport
3099,MRB,39.4019,-77.9844,Martinsburg, WV, Eastern WV Regional/Shepherd Field
3112,MRY,36.587,-121.8429,Monterey, CA, Monterey Regional
3117,MSL,34.7453,-87.6103,Muscle Shoals, AL, Northwest Alabama Regional
3118,MSN,43.1399,-89.3375,Madison, WI, Dane County Regional-Truax Field
3119,MSO,46.9163,-114.0906,Missoula, MT, Missoula International
3120,MSP,44.882,-93.2218,Minneapolis, MN, Minneapolis-St Paul International
3123,MSS,44.9358,-74.8456,Massena, NY, Massena International-Richards Field
3127,MSY,29.9934,-90.258,New Orleans, LA, Louis Armstrong New Orleans International
3130,MTH,24.7262,-81.0514,Marathon, FL, The Florida Keys Marathon International
3131,MTJ,38.5098,-107.8942,Montrose/Delta, CO, Montrose Regional
3133,MTM,55.131,-131.5781,Metlakatla, AK, Metlakatala
3134,MTN,39.3256,-76.4139,Baltimore, MD, Martin State
3135,MTP,41.0765,-71.9208,Montauk Point, NY, Sky Portal
3145,MUE,20.0013,-155.6681,Kamuela, HI, Waimea-Kohala
3149,MUO,43.0435,-115.8726,Mountain Home, ID, Mountain Home AFB
3162,MVY,41.393,-70.6143,Martha's Vineyard, MA, Martha's Vineyard Airport
3164,MWA,37.755,-89.0111,Marion/Herrin, IL, Williamson County Regional
3167,MWH,47.2077,-119.3202,Moses Lake, WA, Grant County International
3169,MWL,32.7817,-98.0603,Mineral Wells, TX, Mineral Wells Airport
3173,MXF,32.4639,-86.3661,Montgomery, AL, Maxwell AFB
3191,MYL,44.8897,-116.1014,McCall, ID, McCall Municipal
3195,MYR,33.6797,-78.9283,Myrtle Beach, SC, Myrtle Beach International
3197,MYU,60.3714,-166.2706,Mekoryuk, AK, Mekoryuk Airport
3198,MYV,39.0983,-121.57,Marysville, CA, Yuba County
3206,MZJ,32.5098,-111.3253,Marana, AZ, Pinal Airpark
3238,NBG,29.8253,-90.035,New Orleans, LA, New Orleans NAS JRB
3264,NEW,30.0424,-90.0283,New Orleans, LA, Lakefront
3265,NFL,39.4166,-118.701,Fallon, NV, Fallon NAS
3271,NGF,21.4517,-157.77,Kaneohe, HI, Kaneohe Bay MCAS
3276,NGP,27.6931,-97.2914,Corpus Christi, TX, Corpus Christi NAS
3279,NGU,36.9377,-76.2893,Norfolk, VA, Norfolk NS
3280,NGZ,37.79,-122.325,Alameda, CA, Alameda NAS
3285,NHZ,43.8917,-69.9425,Brunswick, ME, Brunswick Executive
3286,NIB,63.0186,-154.3584,Nikolai, AK, Nikolai Airport
3291,NIN,60.0202,-151.5894,Ninilchik, AK, Ninilchik Airport
3292,NIP,30.235,-81.6767,Jacksonville, FL, Jacksonville NAS
3299,NJK,32.8292,-115.6717,El Centro, CA, El Centro NAF
3302,NKI,55.85,-133.183,Naukiti, AK, Naukiti Airport
3306,NKX,32.8684,-117.1425,San Diego, CA, Miramar MCAS
3310,NLG,56.0075,-161.1604,Nelson Lagoon, AK, Nelson Lagoon Airport
3316,NME,60.471,-164.7008,Nightmute, AK, Nightmute Airport
3321,NNL,59.9802,-154.8392,Nondalton, AK, Nondalton Airport
3337,NPA,30.3533,-87.32,Pensacola, FL, Pensacola NAS
3342,NQX,24.5817,-81.6928,Key West, FL, Key West NAS
3350,NRR,18.25,-65.6333,Ceiba, PR, Roosevelt Roads NAS
3362,NTD,34.1203,-119.121,Port Hueneme, CA, Point Mugu NAS
3376,NUI,70.21,-151.0055,Nuiqsut, AK, Nuiqsut Airport
3378,NUL,64.7293,-158.0742,Nulato, AK, Nulato Airport
3379,NUP,60.9058,-162.4391,Nunapitchuk, AK, Nunapitchuk Airport
3380,NUQ,37.4161,-122.0491,Mountain View, CA, Moffett Federal Airfield
3383,NUW,48.3518,-122.6559,Whidbey Island, WA, Whidbey Island NAS
3407,NZW,42.165,-70.94,South Weymouth, MA, South Weymouth NAS
3408,NZY,32.6992,-117.2153,San Diego, CA, North Island NAS
3411,OAJ,34.8292,-77.6121,Jacksonville/Camp Lejeune, NC, Albert J Ellis
3412,OAK,37.7213,-122.2207,Oakland, CA, Metropolitan Oakland International
3422,OBU,66.9123,-156.8973,Kobuk, AK, Kobuk Airport
3434,ODW,48.2515,-122.6737,Oak Harbor, WA, A.J. Eisenberg
3439,OFF,41.1183,-95.9125,Omaha, NE, Offutt AFB
3440,OFK,41.9856,-97.4353,Norfolk, NE, Norfolk Regional/Karl Stefan Memorial Field
3441,OGD,41.1961,-112.0122,Ogden, UT, Ogden-Hinckley
3442,OGG,20.8987,-156.4305,Kahului, HI, Kahului Airport
3446,OGS,44.6819,-75.4656,Ogdensburg, NY, Ogdensburg International
3462,OKC,35.3931,-97.6007,Oklahoma City, OK, Will Rogers World
3477,OLF,48.0944,-105.5917,Wolf Point, MT, L. M. Clayton
3478,OLH,57.2181,-153.2697,Old Harbor, AK, Old Harbor Airport
3482,OLM,46.9694,-122.9025,Olympia, WA, Olympia Regional
3484,OLS,31.4178,-110.8478,Nogales, AZ, Nogales International
3485,OLV,34.9789,-89.7869,Olive Branch, MS, Olive Branch Airport
3489,OMA,41.3032,-95.8941,Omaha, NE, Eppley Airfield
3493,OME,64.5122,-165.4452,Nome, AK, Nome Airport
3499,ONA,47.0944,-114.3968,Winona, MN, Winona Municipal/Max Conrad Field
3504,ONL,42.4697,-98.6881,O'Neill, NE, The O'Neill Municipal-John L. Baker Field
3505,ONP,44.5804,-124.0579,Newport, OR, Newport Municipal
3508,ONT,34.056,-117.6012,Ontario, CA, Ontario International
3510,OOK,60.5414,-165.0872,Toksook, AK, Toksook Bay
3513,OPF,25.9067,-80.2783,Miami, FL, Opa-locka Executive
3520,ORD,41.9786,-87.9048,Chicago, IL, Chicago O'Hare International
3522,ORF,36.8946,-76.2012,Norfolk, VA, Norfolk International
3524,ORH,42.2667,-71.875,Worcester, MA, Worcester Regional
3525,ORI,57.8854,-152.8461,Port Lions, AK, Port Lions Airport
3527,ORL,28.5455,-81.3329,Orlando, FL, Executive
3530,ORT,62.9613,-141.9292,Northway, AK, Northway Airport
3532,ORV,66.8175,-161.0223,Noorvik, AK, Robert/Bob/Curtis Memorial
3536,OSC,44.4515,-83.394,Oscoda, MI, Oscoda-Wurtsmith
3538,OSH,43.9844,-88.5571,Oshkosh, WI, Wittman Regional
3553,OTH,43.4171,-124.246,North Bend/Coos Bay, OR, Southwest Oregon Regional
3555,OTM,41.1066,-92.4479,Ottumwa, IA, Ottumwa Regional
3558,OTZ,66.8847,-162.5985,Kotzebue, AK, Ralph Wien Memorial
3572,OWB,37.7401,-87.1668,Owensboro, KY, Owensboro Daviess County
3575,OXR,34.2008,-119.2072,Oxnard/Ventura, CA, Oxnard
3589,PAE,47.9063,-122.2816,Everett, WA, Snohomish County
3592,PAH,37.0603,-88.773,Paducah, KY, Barkley Regional
3595,PAK,15.1333,105.7833,Hanapepe, HI, Port Allen
3597,PAM,30.07,-85.5765,Panama City, FL, Tyndall AFB
3607,PBF,34.1731,-91.9356,Pine Bluff, AR, Grider Field
3608,PBG,44.6509,-73.4681,Plattsburgh, NY, Plattsburgh International
3610,PBI,26.6832,-80.0956,West Palm Beach/Palm Beach, FL, Palm Beach International
3620,PCA,58.9065,-157.7141,Portage Creek, AK, Portage Creek Airport
3621,PCE,57.1539,-157.3969,Painter Creek, AK, Painter Creek Airport
3629,PDB,59.7896,-154.1238,Pedro Bay, AK, Pedro Bay Airport
3632,PDK,33.8756,-84.302,Atlanta, GA, Dekalb Peachtree
3636,PDT,45.6951,-118.8414,Pendleton, OR, Eastern Oregon Regional at Pendleton
3638,PDX,45.5887,-122.5975,Portland, OR, Portland International
3639,PEC,57.9552,-136.2363,Pelican, AK, Pelican Seaplane Base
3656,PFN,30.2121,-85.6828,Panama City, FL, Bay County
3660,PGA,36.9261,-111.4484,Page, AZ, Page Municipal
3661,PGD,26.9196,-81.9906,Punta Gorda, FL, Punta Gorda Airport
3666,PGM,59.3483,-151.8315,Port Graham, AK, Port Graham Airport
3668,PGV,35.6352,-77.3853,Greenville, NC, Pitt Greenville
3674,PHF,37.1319,-76.493,Newport News/Williamsburg, VA, Newport News/Williamsburg International
3677,PHL,39.8719,-75.2411,Philadelphia, PA, Philadelphia International
3678,PHN,42.911,-82.5289,Port Huron, MI, St. Clair County International
3679,PHO,68.3488,-166.7994,Point Hope, AK, Point Hope Airport
3684,PHT,39.7002,-87.6696,Paris, TN, Henry County
3686,PHX,33.4342,-112.0115,Phoenix, AZ, Phoenix Sky Harbor International
3687,PIA,40.6642,-89.6933,Peoria, IL, General Downing - Peoria International
3688,PIB,31.4671,-89.3371,Hattiesburg/Laurel, MS, Hattiesburg-Laurel Regional
3689,PIE,27.9101,-82.6873,St. Petersburg, FL, St Pete Clearwater International
3691,PIH,42.9098,-112.5959,Pocatello, ID, Pocatello Regional
3695,PIP,57.5804,-157.572,Pilot Point, AK, Pilot Point Airport
3696,PIR,44.3827,-100.286,Pierre, SD, Pierre Regional
3698,PIT,40.4915,-80.2329,Pittsburgh, PA, Pittsburgh International
3702,PIZ,69.7329,-163.0053,Point Lay, AK, Point Lay LRRS
3707,PKA,60.7029,-161.7783,Napaskiak, AK, Napaskiak Airport
3708,PKB,39.3451,-81.4392,Parkersburg, WV, Mid-Ohio Valley Regional
3710,PKD,46.9006,-95.0731,Park Rapids, MN, Park Rapids Municipal-Konshok Field
3723,PLB,44.6875,-73.5245,Plattsburgh, NY, Clinton County
3730,PLN,45.5709,-84.7967,Pellston, MI, Pellston Regional Airport of Emmet County
3740,PMD,34.6294,-118.0846,Palmdale, CA, Palmdale USAF Plant 42
3745,PML,56.006,-160.5608,Port Moller, AK, Port Moller Airport
3755,PNC,36.732,-97.0998,Ponca City, OK, Ponca City Regional
3757,PNE,40.0819,-75.0106,Philadelphia, PA, Northeast Philadelphia
3766,PNS,30.4734,-87.1864,Pensacola, FL, Pensacola International
3771,POB,35.1708,-79.0145,Fayetteville, NC, Pope AAF
3772,POD,16.683,-14.967,Port Frederick, AK, Port Frederick Airport
3773,POF,36.7739,-90.3248,Poplar Bluff, MO, Hayes Field
3784,POU,41.6266,-73.8842,Poughkeepsie, NY, Dutchess County
3790,PPG,-14.331,-170.7094,Pago Pago, TT, Pago Pago International
3799,PPV,56.3288,-133.6101,Port Protection, AK, Port Protection Airport
3803,PQI,46.6883,-68.045,Presque Isle/Houlton, ME, Northern Maine Regional at Presque Isle
3806,PQS,61.9346,-162.8996,Pilot Station, AK, Pilot Station Airport
3809,PRB,35.6729,-120.6271,Paso Robles, CA, Paso Robles Municipal
3810,PRC,34.6545,-112.4196,Prescott, AZ, Ernest A. Love Field
3822,PSC,46.2646,-119.119,Pasco/Kennewick/Richland, WA, Tri Cities
3824,PSE,18.0083,-66.563,Ponce, PR, Mercedita
3825,PSF,39.6389,-90.7784,Pittsfield, MA, Pittsfield Municipal
3826,PSG,56.8017,-132.9453,Petersburg, AK, Petersburg James A Johnson
3830,PSM,43.078,-70.8233,Portsmouth, NH, Portsmouth International at Pease
3832,PSP,33.8296,-116.5067,Palm Springs, CA, Palm Springs International
3837,PSX,28.7275,-96.251,Palacios, TX, Palacios Municipal
3839,PTA,60.2043,-154.3189,Port Alsworth, AK, Port Alsworth Airport
3842,PTH,56.9591,-158.6334,Port Heiden, AK, Port Heiden Airport
3844,PTK,42.6655,-83.4201,Pontiac, MI, Oakland County International
3848,PTU,59.0114,-161.8197,Platinum, AK, Platinum Airport
3852,PUB,38.29,-104.4967,Pueblo, CO, Pueblo Memorial
3853,PUC,39.6139,-110.7514,Price, UT, Carbon County Regional/Buck Davis Field
3865,PUW,46.7439,-117.1096,Pullman, WA, Pullman Moscow Regional
3869,PVC,42.072,-70.2214,Provincetown, MA, Provincetown Municipal
3870,PVD,41.724,-71.4282,Providence, RI, Theodore Francis Green State
3878,PVU,40.2192,-111.7234,Provo, UT, Provo Municipal
3879,PWA,35.5342,-97.6471,Oklahoma City, OK, Wiley Post
3881,PWK,42.1142,-87.9015,Chicago, IL, Chicago Executive
3882,PWM,43.6462,-70.3093,Portland, ME, Portland International Jetport
3901,QAK,-21.2642,-43.7628,Port Clinton, OH, Erie Ottawa International
3905,QAS,36.2167,1.3333,Houston, TX, Astrodomain Helipad
3909,QBX,-3.6781,-40.3364,Abilene, KS, Abilene Airport
3923,QFX,60.9908,-45.4219,Avalon, CA, Camp Fox
3966,QQC,32.62,51.6903,Nimiuk Point, AK, Nimiuk Point Airport
3969,QQQ,65.8753,20.15,Grass Valley, CA, Nevada County Air Park
4009,RAL,33.9517,-117.445,Riverside, CA, Riverside Municipal
4011,RAP,44.0453,-103.0575,Rapid City, SD, Rapid City Regional
4017,RBB,-4.4083,-59.5972,Ugashik, AK, Randy Field
4018,RBH,58.55,-155.8,Brooks Lodge, AK, Brooks Lodge Airport
4019,RBL,40.1506,-122.2523,Red Bluff, CA, Red Bluff Municipal
4025,RBY,64.7272,-155.4699,Ruby, AK, Ruby Airport
4026,RCA,44.145,-103.1034,Rapid City, SD, Ellsworth AFB
4028,RCE,48.6123,-123.1385,Roche Harbor, WA, Roche Harbor Airport
4038,RDD,40.509,-122.2934,Redding, CA, Redding Municipal
4039,RDG,40.3785,-75.9652,Reading, PA, Reading Regional/Carl A Spaatz Field
4040,RDM,44.2541,-121.15,Bend/Redmond, OR, Roberts Field
4044,RDR,47.9611,-97.4011,Red River, ND, Grand Forks AFB
4045,RDU,35.8777,-78.7875,Raleigh/Durham, NC, Raleigh-Durham International
4046,RDV,61.7881,-157.3503,Red Devil, AK, Red Devil Airport
4049,REB,53.3086,12.7536,Redlands, CA, Redlands Municipal
4061,RFD,42.1954,-89.0972,Rockford, IL, Chicago/Rockford International
4072,RHI,45.6312,-89.4675,Rhinelander, WI, Rhinelander/Oneida County
4077,RIC,37.5052,-77.3197,Richmond, VA, Richmond International
4082,RIV,33.88,-117.26,Riverside, CA, March ARB
4083,RIW,43.0642,-108.4598,Riverton/Lander, WY, Riverton Regional
4094,RKD,44.0601,-69.0992,Rockland, ME, Knox County Regional
4096,RKS,41.5942,-109.0652,Rock Springs, WY, Rock Springs Sweetwater County
4100,RLA,38.1274,-91.7695,Rolla, MO, Rolla Downtown
4105,RME,43.2338,-75.407,Rome, NY, Griffiss International
4107,RMG,34.3506,-85.158,Rome, GA, Richard B Russell Regional J H Towers Field
4111,RMP,65.5079,-150.1408,Rampart, AK, Rampart Airport
4118,RND,29.5297,-98.2787,San Antonio, TX, Randolph AFB
4124,RNO,39.4991,-119.7681,Reno, NV, Reno/Tahoe International
4127,RNT,47.4933,-122.215,Renton, WA, Renton Municipal
4128,ROA,37.3255,-79.9754,Roanoke, VA, Roanoke Blacksburg Regional Woodrum Field
4130,ROC,43.1189,-77.6724,Rochester, NY, Greater Rochester International
4135,ROP,14.1743,145.2425,Rota, TT, Benjamin Taisacan Manglona International
4140,ROW,33.3016,-104.5306,Roswell, NM, Roswell International Air Center
4144,RQE,35.6521,-109.0674,Prosser, WA, Prosser Airport
4151,RSH,61.7749,-161.3194,Russian Mission, AK, Russian Mission Airport
4152,RSJ,48.6457,-122.868,Rosario, WA, Rosario Seaplane Base
4153,RSL,38.8721,-98.8118,Russell, KS, Russell Municipal
4155,RST,43.9083,-92.5,Rochester, MN, Rochester International
4157,RSW,26.5362,-81.7552,Fort Myers, FL, Southwest Florida International
4169,RUI,33.4629,-105.5348,Ruidoso, NM, Sierra Blanca Regional
4176,RUT,43.5299,-72.9496,Rutland, VT, Rutland - Southern Vermont Regional
4182,RVS,36.0396,-95.9846,Tulsa, OK, Richard Lloyd Jones Jr.
4187,RWI,35.8563,-77.8919,Rocky Mount, NC, Rocky Mount-Wilson Regional
4188,RWL,41.8056,-107.1999,Rawlins, WY, Rawlins Municipal/Harvey Field
4200,SAC,38.5125,-121.4935,Sacramento, CA, Sacramento Executive
4201,SAD,32.8533,-109.635,Safford, AZ, Safford Regional
4203,SAF,35.6171,-106.0894,Santa Fe, NM, Santa Fe Municipal
4204,SAG,19.4119,74.2244,Sagwon, AK, Sagwon Airport
4208,SAN,32.7336,-117.1897,San Diego, CA, San Diego International
4212,SAT,29.5337,-98.4698,San Antonio, TX, San Antonio International
4213,SAV,32.1277,-81.2021,Savannah, GA, Savannah/Hilton Head International
4217,SBA,34.425,-119.84,Santa Barbara, CA, Santa Barbara Municipal
4218,SBD,34.0956,-117.2344,San Bernardino, CA, San Bernardino International
4225,SBN,41.7086,-86.3172,South Bend, IN, South Bend International
4226,SBP,35.2368,-120.6418,San Luis Obispo, CA, San Luis County Regional
4229,SBT,71.139,72.038,San Bernardino, CA, Tri-City
4232,SBY,38.34,-75.51,Salisbury, MD, Salisbury-Ocean City/Wicomico Regional
4234,SCC,70.1948,-148.4652,Deadhorse, AK, Deadhorse Airport
4235,SCE,40.8493,-77.8487,State College, PA, University Park
4236,SCH,42.8533,-73.9322,Schenectady, NY, Schenectady County
4238,SCK,37.8942,-121.2383,Stockton, CA, Stockton Metropolitan
4240,SCM,61.8453,-165.5713,Scammon Bay, AK, Scammon Bay Airport
4256,SDF,38.1744,-85.736,Louisville, KY, Louisville International-Standiford Field
4261,SDM,32.5723,-116.9802,San Diego, CA, Brown Field Municipal
4263,SDP,55.3137,-160.5214,Sandpoint, AK, Sand Point
4269,SDY,47.7069,-104.1926,Sidney, MT, Sidney/Richland Municipal
4270,SEA,47.449,-122.3093,Seattle, WA, Seattle/Tacoma International
4277,SFB,28.7776,-81.2375,Sanford, FL, Orlando Sanford International
4280,SFF,47.6828,-117.3226,Spokane, WA, Felts Field
4287,SFO,37.6189,-122.3749,San Francisco, CA, San Francisco International
4294,SGF,37.2443,-93.3886,Springfield, MO, Springfield-Branson National
4300,SGU,37.0906,-113.5931,St. George, UT, St George Regional
4303,SGY,59.46,-135.3157,Skagway, AK, Skagway Airport
4308,SHD,38.2638,-78.8964,Staunton, VA, Shenandoah Valley Regional
4311,SHG,66.8881,-157.1624,Shungnak, AK, Shungnak Airport
4312,SHH,66.2496,-166.0893,Shishmaref, AK, Shishmaref Airport
4317,SHN,47.2336,-123.1476,Shelton, WA, Sanderson Field
4320,SHR,44.7692,-106.9803,Sheridan, WY, Sheridan County
4322,SHV,32.4466,-93.8256,Shreveport, LA, Shreveport Regional
4324,SHX,62.6923,-159.5692,Shageluk, AK, Shageluk Airport
4330,SIG,18.4568,-66.0981,San Juan, PR, Isla Grande
4337,SIT,57.0472,-135.3617,Sitka, AK, Sitka Rocky Gutierrez
4339,SJC,37.3627,-121.9291,San Jose, CA, Norman Y. Mineta San Jose International
4346,SJN,34.5186,-109.3788,St. Johns, AZ, St. Johns Industrial Air Park
4349,SJT,31.3577,-100.4963,San Angelo, TX, San Angelo Regional/Mathis Field
4350,SJU,18.4393,-66.0018,San Juan, PR, Luis Munoz Marin International
4354,SKA,47.6151,-117.6558,Spokane, WA, Fairchild AFB
4359,SKF,29.3842,-98.5811,San Antonio, TX, Kelly Field
4362,SKK,64.3711,-161.224,Shaktoolik, AK, Shaktoolik Airport
4373,SLC,40.7884,-111.9778,Salt Lake City, UT, Salt Lake City International
4375,SLE,44.9095,-123.0025,Salem, OR, McNary Field
4378,SLK,44.3853,-74.2062,Saranac Lake/Lake Placid, NY, Adirondack Regional
4381,SLN,38.791,-97.6522,Salina, KS, Salina Regional
4382,SLO,38.6429,-88.9642,Salem, IL, Salem/Leckrone
4384,SLQ,61.7005,-157.1659,Sleetmute, AK, Sleetmute Airport
4393,SME,37.0536,-84.6156,Somerset, KY, Lake Cumberland Regional
4394,SMF,38.6954,-121.5908,Sacramento, CA, Sacramento International
4396,SMK,63.4901,-162.1104,St. Michael, AK, St. Michael Airport
4398,SMN,45.1238,-113.8813,Salmon, ID, Lemhi County
4399,SMO,34.0158,-118.4512,Santa Monica, CA, Santa Monica Municipal
4403,SMT,-12.2822,-55.4008,Stone Mountain, GA, Stone Mountain Airport
4405,SMX,34.8989,-120.4574,Santa Maria, CA, Santa Maria Public/Capt. G. Allan Hancock Field
4406,SNA,33.6756,-117.8682,Santa Ana, CA, John Wayne Airport-Orange County
4416,SNP,57.1673,-170.2204,St. Paul, AK, St. Paul Island
4418,SNS,36.6628,-121.6064,Salinas/Monterey, CA, Salinas Municipal
4422,SNY,41.1013,-102.9853,Sidney, NE, Sidney Municipal/Lloyd W. Carr Field
4433,SOP,35.2374,-79.3912,Pinehurst/Southern Pines, NC, Moore County
4437,SOV,59.4424,-151.7041,Seldovia, AK, Seldovia Airport
4438,SOW,34.2655,-110.0057,Show Low, AZ, Show Low Regional
4442,SPB,18.3386,-64.9407,Charlotte Amalie, VI, Charlotte Amalie Harbor Seaplane Base
4445,SPI,39.844,-89.6778,Springfield, IL, Abraham Lincoln Capital
4448,SPN,15.119,145.7294,Saipan, TT, Francisco C. Ada Saipan International
4451,SPS,33.9888,-98.4919,Wichita Falls, TX, Sheppard AFB/Wichita Falls Municipal
4463,SRC,-32.3844,-65.1858,Searcy, AR, Searcy Municipal
4473,SRQ,27.3954,-82.5543,Sarasota/Bradenton, FL, Sarasota/Bradenton International
4475,SRV,61.7897,-156.5885,Stony River, AK, Stony River Airport
4480,SSB,17.7472,-64.7049,Christiansted, VI, Christiansted Harbor Seaplane Base
4481,SSC,33.9728,-80.4706,Sumter, SC, Shaw AFB
4485,SSI,31.1518,-81.3913,Brunswick, GA, McKinnon St Simons Island
4495,STC,45.5466,-94.0599,St. Cloud, MN, St. Cloud Regional
4497,STG,56.5774,-169.6637,St. George Island, AK, St. George Island Airport
4499,STJ,39.7719,-94.9097,St. Joseph, MO, Rosecrans Memorial
4500,STL,38.7487,-90.37,St. Louis, MO, Lambert-St. Louis International
4503,STP,44.9344,-93.06,Minneapolis/St. Paul, MN, St. Paul Downtown Holman Field
4505,STS,38.509,-122.8129,Santa Rosa, CA, Charles M. Schulz - Sonoma County
4506,STT,18.3373,-64.9733,Charlotte Amalie, VI, Cyril E King
4509,STX,17.7018,-64.7985,Christiansted, VI, Henry E. Rohlsen
4517,SUN,43.5044,-114.2962,Sun Valley/Hailey/Ketchum, ID, Friedman Memorial
4520,SUS,38.6617,-90.6511,St. Louis, MO, Spirit of St. Louis
4521,SUU,38.2633,-121.925,Fairfield, CA, Travis AFB
4523,SUX,42.4026,-96.3844,Sioux City, IA, Sioux Gateway/Col. Bud Day Field
4525,SVA,63.6864,-170.4926,Savoonga, AK, Savoonga Airport
4527,SVC,32.6365,-108.1564,Silver City/Hurley, NM, Grant County
4535,SVN,32.01,-81.1457,Savannah, GA, Hunter AAF
4540,SVS,66.0171,-149.0544,Stevens Village, AK, Stevens Village Airport
4546,SWF,41.5041,-74.1048,Newburgh/Poughkeepsie, NY, Stewart International
4550,SWO,36.094,-97.0508,Stillwater, OK, Stillwater Regional
4567,SXP,62.5206,-164.8478,Sheldon Point, AK, Sheldon Point Airport
4572,SYA,52.7123,174.1137,Shemya, AK, Eareckson AS
4573,SYB,58.1667,-152.5,Seal Bay, AK, Seal Bay Airport
4579,SYR,43.1112,-76.1063,Syracuse, NY, Syracuse Hancock International
4608,TAL,65.1743,-152.1093,Tanana, AK, Ralph M Calhoun Memorial
4622,TBN,37.7416,-92.1407,Fort Leonard Wood, MO, Waynesville-St. Robert Regional Forney Field
4633,TCC,35.1828,-103.6032,Tucumcari, NM, Tucumcari Municipal
4638,TCL,33.2206,-87.6114,Tuscaloosa, AL, Tuscaloosa Regional
4639,TCM,47.1377,-122.4765,Tacoma, WA, McChord Field
4644,TCS,33.2369,-107.2718,Truth Or Consequences, NM, Truth Or Consequences Municipal
4645,TCT,62.9927,-156.0682,Takotna, AK, Takotna Airport
4651,TDF,36.2849,-78.9842,Roxboro, NC, Person County
4656,TEB,40.8501,-74.0608,Teterboro, NJ, Teterboro Airport
4667,TEX,37.9564,-107.9142,Telluride, CO, Telluride Regional
4711,TIK,35.4147,-97.3867,Oklahoma City, OK, Tinker AFB
4715,TIQ,14.9992,145.6194,Tinian, TT, Tinian International
4720,TIW,47.2679,-122.5781,Tacoma, WA, Tacoma Narrows
4721,TIX,28.5148,-80.7992,Titusville, FL, Space Coast Regional
4732,TKA,62.3205,-150.0937,Talkeetna, AK, Talkeetna Airport
4734,TKE,57.7797,-135.2184,Tenakee, AK, Tenakee Airport
4735,TKF,39.32,-120.1396,Truckee, CA, Truckee Tahoe
4738,TKJ,63.2955,-143.0061,Tok, AK, Tok Junction
4749,TLA,65.2404,-166.3393,Teller, AK, Teller Airport
4752,TLH,30.3965,-84.3503,Tallahassee, FL, Tallahassee International
4754,TLJ,62.9012,-155.9935,Tatalina, AK, Tatalina LRRS
4755,TLK,59.5235,111.024,Tikchik Lodge, AK, Tikchik Lodge Airport
4761,TLT,61.0968,-160.9695,Tuluksak, AK, Tuluksak Airport
4765,TMB,25.6478,-80.4328,Miami, FL, Miami Executive
4783,TNC,65.5632,-167.9217,Tin City, AK, Tin City LRRS
4790,TNK,60.5755,-165.2716,Tununak, AK, Tununak Airport
4798,TOA,33.8034,-118.3396,Torrance, CA, Zamperini Field
4803,TOG,59.0536,-160.3969,Togiak, AK, Togiak Airport
4806,TOL,41.5868,-83.8078,Toledo, OH, Toledo Express
4808,TOP,39.0687,-95.6225,Topeka, KS, Philip Billard Municipal
4814,TPA,27.9755,-82.5332,Tampa, FL, Tampa International
4817,TPH,38.0601,-117.0872,Tonopah, NV, Tonopah Airport
4835,TRH,65.7667,87.8833,Trona, CA, Trona Airport
4836,TRI,36.4751,-82.4073,Bristol/Johnson City/Kingsport, TN, Tri-Cities Regional TN/VA
4838,TRM,33.6267,-116.1597,Thermal, CA, Jacqueline Cochran Regional
4857,TSS,40.7426,-73.9721,New York, NY, East 34th Street Heliport
4863,TTD,45.5494,-122.4013,Troutdale, OR, Portland Troutdale
4868,TTN,40.2767,-74.8136,Trenton, NJ, Trenton Mercer
4881,TUL,36.1984,-95.8881,Tulsa, OK, Tulsa International
4884,TUP,34.2681,-88.7699,Tupelo, MS, Tupelo Regional
4886,TUS,32.1161,-110.941,Tucson, AZ, Tucson International
4891,TVC,44.74,-85.5817,Traverse City, MI, Cherry Capital
4892,TVF,48.065,-96.184,Thief River Falls, MN, Thief River Falls Regional
4893,TVL,38.8939,-119.9953,Lake Tahoe, CA, Lake Tahoe Airport
4897,TWA,59.0756,-160.273,Twin Hills, AK, Twin Hills Airport
4899,TWF,42.4818,-114.4877,Twin Falls, ID, Joslin Field - Magic Valley Regional
4904,TXK,33.4537,-93.991,Texarkana, AR, Texarkana Regional-Webb Field
4911,TYR,32.3541,-95.4024,Tyler, TX, Tyler Pounds Regional
4912,TYS,35.8109,-83.994,Knoxville, TN, McGhee Tyson
4921,UAM,13.4833,144.7961,Guam, TT, Andersen AFB
4929,UCA,43.1451,-75.3839,Utica/Rome, NY, Oneida County
4933,UDG,34.4492,-79.8904,Darlington, SC, Darlington County
4942,UGB,57.4254,-157.7399,Pilot Point, AK, Ugashik Bay
4944,UGI,57.8833,-153.5,Uganik, AK, Uganik Airport
4952,UIN,39.9426,-91.1945,Quincy, IL, Quincy Regional-Baldwin Field
4961,UKI,39.126,-123.2009,Ukiah, CA, Ukiah Municipal
4974,ULS,37.604,-101.3736,Ulysses, KS, Ulysses Airport
4990,UNK,63.8884,-160.799,Unalakleet, AK, Unalakleet Airport
5013,UST,29.9593,-81.3397,St. Augustine, FL, Northeast Florida Regional
5019,UTM,34.6851,-90.3478,Tunica, MS, Tunica Municipal
5034,UXX,37.6643,61.827,Hot Springs, MT, Hot Springs Airport
5043,VAK,61.5408,-165.6009,Chevak, AK, Chevak Airport
5053,VBG,34.7291,-120.5768,Lompoc, CA, Vandenberg AFB
5065,VCT,28.8517,-96.9183,Victoria, TX, Victoria Regional
5066,VCV,34.5975,-117.383,Victorville, CA, Southern California Logistics
5078,VDZ,61.1339,-146.2483,Valdez, AK, Valdez Pioneer Field
5079,VEE,67.0087,-146.3664,Venetie, AK, Venetie Airport
5080,VEL,40.4409,-109.5099,Vernal, UT, Vernal Regional
5087,VGT,36.2106,-115.1944,Las Vegas, NV, North Las Vegas
5098,VIK,69.66,-146.88,Kavik River, AK, Kavik River Airport
5101,VIS,36.3187,-119.3929,Visalia, CA, Visalia Municipal
5108,VLD,30.7825,-83.2767,Valdosta, GA, Valdosta Regional
5126,VNY,34.2098,-118.49,Van Nuys, CA, Van Nuys Airport
5128,VOK,43.939,-90.2534,Camp Douglas, WI, Volk Field
5135,VPS,30.4833,-86.5253,Valparaiso, FL, Eglin AFB Destin Fort Walton Beach
5138,VQS,18.1348,-65.4936,Vieques, PR, Antonio Rivera Rodriguez
5140,VRB,27.6556,-80.4179,Vero Beach, FL, Vero Beach Municipal
5153,VTN,42.8578,-100.5475,Valentine, NE, Miller Field
5156,VUJ,35.4167,-80.1508,Albemarle, NC, Stanly County
5166,VYS,41.3519,-89.1531,Peru, IL, Illinois Valley Regional
5167,WAA,65.6226,-168.0949,Wales, AK, Wales Airport
5171,WAL,37.9402,-75.4664,Chincoteague, VA, Wallops Flight Facility
5176,WAX,32.98,12.015,Warroad, MN, Warroad International Memorial
5177,WBB,63.516,-162.278,Stebbins, AK, Stebbins Airport
5180,WBQ,66.3622,-147.4065,Beaver, AK, Beaver Airport
5183,WDB,-25.65,28.2167,Wide Bay, AK, Wide Bay Airport
5185,WDR,33.9828,-83.6673,Winder, GA, Barrow County
5192,WFK,47.2856,-68.3128,Frenchville, ME, Northern Aroostook Regional
5206,WJF,34.7411,-118.2186,Lancaster, CA, General William J. Fox Airfield
5213,WKK,59.2826,-158.6177,Aleknagik, AK, Aleknagik New
5216,WLK,66.6001,-159.9858,Selawik, AK, Selawik Airport
5220,WMC,40.8966,-117.8059,Winnemucca, NV, Winnemucca Municipal
5224,WMO,64.6892,-163.4127,White Mountain, AK, White Mountain Airport
5228,WNA,60.6903,-161.9785,Napakiak, AK, Napakiak Airport
5243,WRB,32.64,-83.5917,Macon, GA, Robins AFB
5245,WRG,56.4861,-132.37,Wrangell, AK, Wrangell Airport
5246,WRI,40.0154,-74.5936,Fort Dix, NJ, McGuire Field
5247,WRL,43.9657,-107.9508,Worland, WY, Worland Municipal
5251,WSN,58.7021,-157.0026,South Naknek, AK, South Naknek 2
5252,WST,41.3496,-71.8034,Westerly, RI, Westerly State
5253,WSX,48.6179,-122.9527,Westsound, WA, Westsound Airport
5258,WTK,67.5611,-162.9804,Noatak, AK, Noatak Airport
5259,WTL,60.3353,-162.667,Tuntutuliak, AK, Tuntutuliak Airport
5275,WWP,56.1163,-133.1217,Whale Pass, AK, Whale Pass Airport
5276,WWT,60.9391,-164.6413,Newtok, AK, Newtok Airport
5281,WYS,44.6883,-111.1175,West Yellowstone, MT, Yellowstone
5321,XNA,36.2819,-94.3068,Fayetteville, AR, Northwest Arkansas Regional
5351,XXO,28.615,-80.695,Hurricane, UT, General Dick Stout Field
5352,XXX,49.39,-93.9953,Mena, AR, Mena Intermountain Municipal
5367,YAK,59.5033,-139.6602,Yakutat, AK, Yakutat Airport
5477,YIP,42.2047,-83.5303,Detroit, MI, Willow Run
5487,YKM,46.5682,-120.5441,Yakima, WA, Yakima Air Terminal/McAllister Field
5526,YNG,41.2607,-80.6791,Youngstown/Warren, OH, Youngstown-Warren Regional
5638,YUM,32.6566,-114.606,Yuma, AZ, Yuma MCAS/Yuma International
5816,ZZV,39.9445,-81.8921,Zanesville, OH, Zanesville Municipal
